Task,Accuracy
adj_noun_order,0.38461538461538464
anaphor_gender_agreement,0.5115115115115115
anaphor_number_agreement,0.49874937468734365
determiner_noun_agreement,0.47647647647647645
noun_verb_agreement,0.4981939427618783
noun_verb_order,0.5259537210756723
