corpus,log_prob,perplexity
train,-2.84994156588066,17.286771673774833
dev,-4.181213662985896,65.44523349130567
