corpus,log_prob,perplexity
train,-4.124456982672647,61.8342230777017
dev,-5.059158185562685,157.45791017425842
