corpus,log_prob,perplexity
train,-1.5789344878601048,4.84978555185813
dev,-1.7227164367801258,5.5997191056635485
