corpus,log_prob,perplexity
train,-1.972647494196315,7.189685965369736
dev,-1.9910691403852239,7.323359277436029
