corpus,log_prob,perplexity
train,-2.8651033295033126,17.550866633226555
dev,-2.8636201341351004,17.524854564386647
