corpus,log_prob,perplexity
train,-2.8830905791818457,17.86941476727103
dev,-4.656138423492091,105.228946941233
