corpus,log_prob,perplexity
train,-3.905026958796233,49.65141843660687
dev,-4.456187180056792,86.15837565880975
