corpus,log_prob,perplexity
train,-3.0168231859193844,20.426297951403853
dev,-5.8554391998082655,349.12820342612014
