corpus,log_prob,perplexity
train,-2.1014167371561667,8.177747428118105
dev,-2.1189581152441126,8.322461922794268
