corpus,log_prob,perplexity
train,-4.0317494661795115,56.35942395578328
dev,-4.705040197955773,110.50272684192018
