corpus,log_prob,perplexity
train,-2.8163589470415538,16.71587634310995
dev,-2.8153593820824145,16.69917608674209
