corpus,log_prob,perplexity
train,-4.05440560975991,57.65088568633855
dev,-4.745231244601262,115.03440351243951
