corpus,log_prob,perplexity
train,-2.589730286825721,13.3261768729791
dev,-5.017882030999631,151.09095870654394
