corpus,log_prob,perplexity
train,-2.92627002270262,18.65790697450103
dev,-4.647813376041606,104.35654738719228
