corpus,log_prob,perplexity
train,-2.6317528123499967,13.898109342359476
dev,-5.036457726479901,153.9238079605641
