corpus,log_prob,perplexity
train,-1.9703510278611887,7.173194037416675
dev,-1.9982673708415652,7.37626468946483
