corpus,log_prob,perplexity
train,-2.7775262149797535,16.07919523590014
dev,-2.7768841109753,16.06887403424785
